use blackhouse;

INSERT INTO `Participants` (`ID`, `first_name`, `last_name`, `age`, `email`, `phone`) VALUES (1, 'Tyrell', 'Hickle', 24, 'keira.volkman@sipeswest.org', 754838218);
INSERT INTO `Participants` (`ID`, `first_name`, `last_name`, `age`, `email`, `phone`) VALUES (2, 'Justyn', 'Satterfield', 24, 'kavon03@hotmail.com', 196413596);
INSERT INTO `Participants` (`ID`, `first_name`, `last_name`, `age`, `email`, `phone`) VALUES (3, 'Eddie', 'Keeling', 20, 'daniella93@gmail.com', 684617689);
INSERT INTO `Participants` (`ID`, `first_name`, `last_name`, `age`, `email`, `phone`) VALUES (4, 'Chaim', 'Wunsch', 19, 'ipacocha@yostsenger.com', 486224972);
INSERT INTO `Participants` (`ID`, `first_name`, `last_name`, `age`, `email`, `phone`) VALUES (5, 'Barrett', 'Lowe', 22, 'evon@gmail.com', 452055441);
INSERT INTO `Participants` (`ID`, `first_name`, `last_name`, `age`, `email`, `phone`) VALUES (6, 'Axel', 'Rodriguez', 19, 'uswaniawski@conroyparker.net', 992397432);
INSERT INTO `Participants` (`ID`, `first_name`, `last_name`, `age`, `email`, `phone`) VALUES (7, 'Domingo', 'Trantow', 24, 'vinnie56@gmail.com', 236328876);
INSERT INTO `Participants` (`ID`, `first_name`, `last_name`, `age`, `email`, `phone`) VALUES (8, 'Schuyler', 'Murphy', 22, 'tony.runte@gmail.com', 125112907);
INSERT INTO `Participants` (`ID`, `first_name`, `last_name`, `age`, `email`, `phone`) VALUES (9, 'Percy', 'Jenkins', 19, 'zemlak.maximus@brekke.com', 498582499);
INSERT INTO `Participants` (`ID`, `first_name`, `last_name`, `age`, `email`, `phone`) VALUES (10, 'Dillan', 'Nader', 25, 'ardella.hand@yahoo.com', 627249011);
INSERT INTO `Participants` (`ID`, `first_name`, `last_name`, `age`, `email`, `phone`) VALUES (11, 'Tavares', 'Anderson', 25, 'hilll.dudley@moen.com', 876610974);
INSERT INTO `Participants` (`ID`, `first_name`, `last_name`, `age`, `email`, `phone`) VALUES (12, 'Elijah', 'Dietrich', 25, 'boyer.erin@yahoo.com', 914465386);
INSERT INTO `Participants` (`ID`, `first_name`, `last_name`, `age`, `email`, `phone`) VALUES (13, 'Kurt', 'Kassulke', 23, 'trevion30@hammes.com', 614154451);
INSERT INTO `Participants` (`ID`, `first_name`, `last_name`, `age`, `email`, `phone`) VALUES (14, 'Jordy', 'Donnelly', 25, 'kbauch@hirtheparisian.com', 351732531);
INSERT INTO `Participants` (`ID`, `first_name`, `last_name`, `age`, `email`, `phone`) VALUES (15, 'Eladio', 'Cormier', 21, 'cummerata.nellie@yahoo.com', 698518810);
INSERT INTO `Participants` (`ID`, `first_name`, `last_name`, `age`, `email`, `phone`) VALUES (16, 'Greyson', 'Daniel', 20, 'albin.dare@hotmail.com', 798272603);
INSERT INTO `Participants` (`ID`, `first_name`, `last_name`, `age`, `email`, `phone`) VALUES (17, 'Llewellyn', 'Okuneva', 19, 'moriah27@champlin.com', 795492300);
INSERT INTO `Participants` (`ID`, `first_name`, `last_name`, `age`, `email`, `phone`) VALUES (18, 'Lemuel', 'Legros', 19, 'aracely90@hotmail.com', 347724619);
INSERT INTO `Participants` (`ID`, `first_name`, `last_name`, `age`, `email`, `phone`) VALUES (19, 'Florencio', 'Bernhard', 25, 'crooks.annabelle@hotmail.com', 145539751);
INSERT INTO `Participants` (`ID`, `first_name`, `last_name`, `age`, `email`, `phone`) VALUES (20, 'Gustave', 'Kozey', 24, 'nikita44@yahoo.com', 300653345);
INSERT INTO `Participants` (`ID`, `first_name`, `last_name`, `age`, `email`, `phone`) VALUES (21, 'Nicklaus', 'Greenholt', 23, 'arosenbaum@yahoo.com', 177775916);
INSERT INTO `Participants` (`ID`, `first_name`, `last_name`, `age`, `email`, `phone`) VALUES (22, 'Cristian', 'Hickle', 23, 'howell.abbie@steuber.com', 323727877);
INSERT INTO `Participants` (`ID`, `first_name`, `last_name`, `age`, `email`, `phone`) VALUES (23, 'Jamil', 'White', 22, 'rosina.murray@dicki.com', 179578461);
INSERT INTO `Participants` (`ID`, `first_name`, `last_name`, `age`, `email`, `phone`) VALUES (24, 'Reuben', 'Denesik', 20, 'alda.block@gmail.com', 311655637);
INSERT INTO `Participants` (`ID`, `first_name`, `last_name`, `age`, `email`, `phone`) VALUES (25, 'Wilton', 'OHara', 25, 'adonis77@yahoo.com', 350835788);
INSERT INTO `Participants` (`ID`, `first_name`, `last_name`, `age`, `email`, `phone`) VALUES (26, 'Osvaldo', 'Terry', 23, 'huels.abby@gmail.com', 254163913);
INSERT INTO `Participants` (`ID`, `first_name`, `last_name`, `age`, `email`, `phone`) VALUES (27, 'Miles', 'Conn', 21, 'robel.sammie@jacobs.com', 886531140);
INSERT INTO `Participants` (`ID`, `first_name`, `last_name`, `age`, `email`, `phone`) VALUES (28, 'Keenan', 'Boyer', 24, 'myron49@wyman.info', 436381667);
INSERT INTO `Participants` (`ID`, `first_name`, `last_name`, `age`, `email`, `phone`) VALUES (29, 'Armani', 'Macejkovic', 19, 'edmund.kreiger@jacobs.info', 447819764);
INSERT INTO `Participants` (`ID`, `first_name`, `last_name`, `age`, `email`, `phone`) VALUES (30, 'Charley', 'Boyer', 24, 'kpollich@hotmail.com', 952342032);
INSERT INTO `Participants` (`ID`, `first_name`, `last_name`, `age`, `email`, `phone`) VALUES (31, 'Jefferey', 'Ankunding', 21, 'rafaela.deckow@hotmail.com', 119045615);
INSERT INTO `Participants` (`ID`, `first_name`, `last_name`, `age`, `email`, `phone`) VALUES (32, 'Francesco', 'Nicolas', 25, 'zulauf.judge@hotmail.com', 643227617);
INSERT INTO `Participants` (`ID`, `first_name`, `last_name`, `age`, `email`, `phone`) VALUES (33, 'Oswaldo', 'Macejkovic', 22, 'satterfield.reinhold@padberggrimes.com', 239794090);
INSERT INTO `Participants` (`ID`, `first_name`, `last_name`, `age`, `email`, `phone`) VALUES (34, 'Parker', 'Rippin', 19, 'lucienne.crist@yahoo.com', 380991602);
INSERT INTO `Participants` (`ID`, `first_name`, `last_name`, `age`, `email`, `phone`) VALUES (35, 'Geovanni', 'Reilly', 21, 'ipowlowski@langosh.org', 943869740);
INSERT INTO `Participants` (`ID`, `first_name`, `last_name`, `age`, `email`, `phone`) VALUES (36, 'Peyton', 'Bergstrom', 24, 'vernser@torphyward.com', 120080204);
INSERT INTO `Participants` (`ID`, `first_name`, `last_name`, `age`, `email`, `phone`) VALUES (37, 'Jamir', 'Koss', 23, 'aurelio04@fadel.net', 887680982);
INSERT INTO `Participants` (`ID`, `first_name`, `last_name`, `age`, `email`, `phone`) VALUES (38, 'Prince', 'Witting', 21, 'rcruickshank@mccullough.com', 145751903);
INSERT INTO `Participants` (`ID`, `first_name`, `last_name`, `age`, `email`, `phone`) VALUES (39, 'Ellis', 'Casper', 24, 'ciara67@gmail.com', 863454023);
INSERT INTO `Participants` (`ID`, `first_name`, `last_name`, `age`, `email`, `phone`) VALUES (40, 'Dangelo', 'Wintheiser', 25, 'zpadberg@yahoo.com', 144596445);
INSERT INTO `Participants` (`ID`, `first_name`, `last_name`, `age`, `email`, `phone`) VALUES (41, 'Travis', 'Monahan', 22, 'austyn.willms@gmail.com', 518390878);
INSERT INTO `Participants` (`ID`, `first_name`, `last_name`, `age`, `email`, `phone`) VALUES (42, 'Rhiannon', 'Ledner', 19, 'lesch.lucile@hotmail.com', 908542624);
INSERT INTO `Participants` (`ID`, `first_name`, `last_name`, `age`, `email`, `phone`) VALUES (43, 'Oren', 'Hagenes', 19, 'fkutch@bergnaum.org', 915178560);
INSERT INTO `Participants` (`ID`, `first_name`, `last_name`, `age`, `email`, `phone`) VALUES (44, 'Major', 'Bechtelar', 25, 'stracke.enrique@gmail.com', 115110233);
INSERT INTO `Participants` (`ID`, `first_name`, `last_name`, `age`, `email`, `phone`) VALUES (45, 'Alejandrin', 'Emard', 22, 'trevion.ziemann@gmail.com', 389433236);
INSERT INTO `Participants` (`ID`, `first_name`, `last_name`, `age`, `email`, `phone`) VALUES (46, 'Tobin', 'Conroy', 19, 'gorczany.jasen@mann.com', 663361379);
INSERT INTO `Participants` (`ID`, `first_name`, `last_name`, `age`, `email`, `phone`) VALUES (47, 'Fabian', 'Buckridge', 24, 'o\hara.curt@gmail.com', 675794893);
INSERT INTO `Participants` (`ID`, `first_name`, `last_name`, `age`, `email`, `phone`) VALUES (48, 'Eldred', 'Kshlerin', 24, 'lchamplin@turner.com', 787836413);
INSERT INTO `Participants` (`ID`, `first_name`, `last_name`, `age`, `email`, `phone`) VALUES (49, 'Joe', 'Hermann', 24, 'xavier65@yahoo.com', 838269674);
INSERT INTO `Participants` (`ID`, `first_name`, `last_name`, `age`, `email`, `phone`) VALUES (50, 'Domenico', 'Ward', 22, 'mcdermott.dejon@yahoo.com', 815292874);
INSERT INTO `Participants` (`ID`, `first_name`, `last_name`, `age`, `email`, `phone`) VALUES (51, 'Denis', 'Corkery', 20, 'janick72@gmail.com', 455841579);
INSERT INTO `Participants` (`ID`, `first_name`, `last_name`, `age`, `email`, `phone`) VALUES (52, 'Nicklaus', 'Streich', 22, 'edd.tromp@quigleyeffertz.com', 626487421);
INSERT INTO `Participants` (`ID`, `first_name`, `last_name`, `age`, `email`, `phone`) VALUES (53, 'Shayne', 'Gutkowski', 20, 'tess92@bosco.com', 568727176);
INSERT INTO `Participants` (`ID`, `first_name`, `last_name`, `age`, `email`, `phone`) VALUES (54, 'Alex', 'Hessel', 24, 'jace.feil@turcotte.com', 970548429);
INSERT INTO `Participants` (`ID`, `first_name`, `last_name`, `age`, `email`, `phone`) VALUES (55, 'Moises', 'Bayer', 20, 'sim96@gmail.com', 697181040);
INSERT INTO `Participants` (`ID`, `first_name`, `last_name`, `age`, `email`, `phone`) VALUES (56, 'Mohamed', 'Bosco', 22, 'verner47@shields.com', 106361933);
INSERT INTO `Participants` (`ID`, `first_name`, `last_name`, `age`, `email`, `phone`) VALUES (57, 'Brad', 'Gottlieb', 19, 'richard12@gmail.com', 680464425);
INSERT INTO `Participants` (`ID`, `first_name`, `last_name`, `age`, `email`, `phone`) VALUES (58, 'Jillian', 'Paucek', 23, 'miles.greenholt@gottliebmoen.com', 402656182);
INSERT INTO `Participants` (`ID`, `first_name`, `last_name`, `age`, `email`, `phone`) VALUES (59, 'Preston', 'Douglas', 21, 'jefferey72@mrazfriesen.com', 496402106);
INSERT INTO `Participants` (`ID`, `first_name`, `last_name`, `age`, `email`, `phone`) VALUES (60, 'Devan', 'Bruen', 23, 'rtreutel@mcclure.com', 883215928);
INSERT INTO `Participants` (`ID`, `first_name`, `last_name`, `age`, `email`, `phone`) VALUES (61, 'Rhiannon', 'Maggio', 20, 'dakota84@yahoo.com', 230233452);
INSERT INTO `Participants` (`ID`, `first_name`, `last_name`, `age`, `email`, `phone`) VALUES (62, 'Macey', 'Beier', 20, 'dickinson.kaley@yahoo.com', 349907399);
INSERT INTO `Participants` (`ID`, `first_name`, `last_name`, `age`, `email`, `phone`) VALUES (63, 'Ryann', 'Feil', 20, 'hohara@reichelkrajcik.biz', 261530718);
INSERT INTO `Participants` (`ID`, `first_name`, `last_name`, `age`, `email`, `phone`) VALUES (64, 'Favian', 'Turcotte', 24, 'fbecker@beierwuckert.net', 817266419);
INSERT INTO `Participants` (`ID`, `first_name`, `last_name`, `age`, `email`, `phone`) VALUES (65, 'Mckenna', 'Boehm', 23, 'jwindler@gmail.com', 575666154);
INSERT INTO `Participants` (`ID`, `first_name`, `last_name`, `age`, `email`, `phone`) VALUES (66, 'Norberto', 'Rodriguez', 23, 'henri01@gutmann.info', 688182718);
INSERT INTO `Participants` (`ID`, `first_name`, `last_name`, `age`, `email`, `phone`) VALUES (67, 'Gaylord', 'Morar', 24, 'zcorwin@borer.com', 825802017);
INSERT INTO `Participants` (`ID`, `first_name`, `last_name`, `age`, `email`, `phone`) VALUES (68, 'Celestino', 'Farrell', 22, 'fabian.ruecker@williamsonwilkinson.net', 852338015);
INSERT INTO `Participants` (`ID`, `first_name`, `last_name`, `age`, `email`, `phone`) VALUES (69, 'Forrest', 'Lemke', 25, 'mazie.hoppe@gmail.com', 713170359);
INSERT INTO `Participants` (`ID`, `first_name`, `last_name`, `age`, `email`, `phone`) VALUES (70, 'Blake', 'Bauch', 22, 'rudy81@yahoo.com', 790900622);
INSERT INTO `Participants` (`ID`, `first_name`, `last_name`, `age`, `email`, `phone`) VALUES (71, 'Ralph', 'Bauch', 25, 'tomasa.bergnaum@cummerata.com', 886817159);
INSERT INTO `Participants` (`ID`, `first_name`, `last_name`, `age`, `email`, `phone`) VALUES (72, 'Daron', 'Robel', 22, 'jamarcus.steuber@gleason.com', 960834309);
INSERT INTO `Participants` (`ID`, `first_name`, `last_name`, `age`, `email`, `phone`) VALUES (73, 'Hester', 'Franecki', 23, 'brobel@gmail.com', 390692030);
INSERT INTO `Participants` (`ID`, `first_name`, `last_name`, `age`, `email`, `phone`) VALUES (74, 'Cole', 'Erdman', 22, 'muller.cade@kesslerrippin.com', 596814334);
INSERT INTO `Participants` (`ID`, `first_name`, `last_name`, `age`, `email`, `phone`) VALUES (75, 'Harley', 'Dooley', 23, 'glenda55@torphyhalvorson.com', 449883008);
INSERT INTO `Participants` (`ID`, `first_name`, `last_name`, `age`, `email`, `phone`) VALUES (76, 'Ransom', 'Fisher', 25, 'sbayer@hotmail.com', 359043453);
INSERT INTO `Participants` (`ID`, `first_name`, `last_name`, `age`, `email`, `phone`) VALUES (77, 'Nels', 'Becker', 19, 'nolan.rhianna@yahoo.com', 717729364);
INSERT INTO `Participants` (`ID`, `first_name`, `last_name`, `age`, `email`, `phone`) VALUES (78, 'Mohammad', 'Crona', 25, 'cterry@hermannhaley.net', 970677426);
INSERT INTO `Participants` (`ID`, `first_name`, `last_name`, `age`, `email`, `phone`) VALUES (79, 'Gregg', 'Block', 20, 'nicolas.wyatt@cartwright.info', 818367617);
INSERT INTO `Participants` (`ID`, `first_name`, `last_name`, `age`, `email`, `phone`) VALUES (80, 'Chadd', 'Muller', 24, 'aokuneva@fisherhoeger.biz', 894936996);
INSERT INTO `Participants` (`ID`, `first_name`, `last_name`, `age`, `email`, `phone`) VALUES (81, 'Stone', 'Simonis', 20, 'michele.huel@damoreokeefe.info', 164958212);
INSERT INTO `Participants` (`ID`, `first_name`, `last_name`, `age`, `email`, `phone`) VALUES (82, 'Geovany', 'Douglas', 24, 'ebert.jeramy@gmail.com', 670898580);
INSERT INTO `Participants` (`ID`, `first_name`, `last_name`, `age`, `email`, `phone`) VALUES (83, 'Tito', 'Labadie', 20, 'pschulist@cummingsheidenreich.com', 312554690);
INSERT INTO `Participants` (`ID`, `first_name`, `last_name`, `age`, `email`, `phone`) VALUES (84, 'Spencer', 'Hahn', 25, 'kaylin21@roob.com', 663501772);
INSERT INTO `Participants` (`ID`, `first_name`, `last_name`, `age`, `email`, `phone`) VALUES (85, 'Chet', 'Brekke', 23, 'homenick.mariah@yahoo.com', 520621449);
INSERT INTO `Participants` (`ID`, `first_name`, `last_name`, `age`, `email`, `phone`) VALUES (86, 'Dean', 'Bergstrom', 25, 'enolan@hotmail.com', 721453553);
INSERT INTO `Participants` (`ID`, `first_name`, `last_name`, `age`, `email`, `phone`) VALUES (87, 'Dale', 'Hagenes', 22, 'considine.logan@gmail.com', 139511634);
INSERT INTO `Participants` (`ID`, `first_name`, `last_name`, `age`, `email`, `phone`) VALUES (88, 'Ahmad', 'Satterfield', 20, 'jewel89@hotmail.com', 720423193);
INSERT INTO `Participants` (`ID`, `first_name`, `last_name`, `age`, `email`, `phone`) VALUES (89, 'Colton', 'Ankunding', 21, 'koepp.emanuel@hotmail.com', 582821794);
INSERT INTO `Participants` (`ID`, `first_name`, `last_name`, `age`, `email`, `phone`) VALUES (90, 'Ron', 'Balistreri', 22, 'hschowalter@gmail.com', 677453772);
INSERT INTO `Participants` (`ID`, `first_name`, `last_name`, `age`, `email`, `phone`) VALUES (91, 'Narciso', 'Kunze', 19, 'quigley.catherine@pauceklueilwitz.com', 213299930);
INSERT INTO `Participants` (`ID`, `first_name`, `last_name`, `age`, `email`, `phone`) VALUES (92, 'Earnest', 'Blanda', 24, 'mcglynn.timmothy@gmail.com', 153585080);
INSERT INTO `Participants` (`ID`, `first_name`, `last_name`, `age`, `email`, `phone`) VALUES (93, 'Lon', 'Reichel', 24, 'herman.ludie@yahoo.com', 132039209);
INSERT INTO `Participants` (`ID`, `first_name`, `last_name`, `age`, `email`, `phone`) VALUES (94, 'Kristoffer', 'Hickle', 21, 'alaina.parker@gmail.com', 572637516);
INSERT INTO `Participants` (`ID`, `first_name`, `last_name`, `age`, `email`, `phone`) VALUES (95, 'Maynard', 'Stanton', 24, 'tkerluke@gmail.com', 387130184);
INSERT INTO `Participants` (`ID`, `first_name`, `last_name`, `age`, `email`, `phone`) VALUES (96, 'Osvaldo', 'Haag', 19, 'rylee98@hotmail.com', 599198635);
INSERT INTO `Participants` (`ID`, `first_name`, `last_name`, `age`, `email`, `phone`) VALUES (97, 'Rocio', 'Hauck', 22, 'julie31@yahoo.com', 796399240);
INSERT INTO `Participants` (`ID`, `first_name`, `last_name`, `age`, `email`, `phone`) VALUES (98, 'Seamus', 'Schiller', 20, 'brady.bayer@hotmail.com', 829320155);
INSERT INTO `Participants` (`ID`, `first_name`, `last_name`, `age`, `email`, `phone`) VALUES (99, 'Dexter', 'Ratke', 22, 'beth.hessel@bechtelar.biz', 878436734);
INSERT INTO `Participants` (`ID`, `first_name`, `last_name`, `age`, `email`, `phone`) VALUES (100, 'Garfield', 'Goodwin', 20, 'kathleen85@yahoo.com', 670296545);
INSERT INTO `Extras` (`participantID`, `tax`, `beding`, `cardre`, `tshirt`) VALUES (1, 0, 1, 1, 0);
INSERT INTO `Extras` (`participantID`, `tax`, `beding`, `cardre`, `tshirt`) VALUES (2, 0, 0, 0, 1);
INSERT INTO `Extras` (`participantID`, `tax`, `beding`, `cardre`, `tshirt`) VALUES (3, 1, 0, 0, 0);
INSERT INTO `Extras` (`participantID`, `tax`, `beding`, `cardre`, `tshirt`) VALUES (4, 1, 1, 1, 0);
INSERT INTO `Extras` (`participantID`, `tax`, `beding`, `cardre`, `tshirt`) VALUES (5, 0, 1, 1, 0);
INSERT INTO `Extras` (`participantID`, `tax`, `beding`, `cardre`, `tshirt`) VALUES (6, 0, 1, 1, 1);
INSERT INTO `Extras` (`participantID`, `tax`, `beding`, `cardre`, `tshirt`) VALUES (7, 1, 0, 0, 0);
INSERT INTO `Extras` (`participantID`, `tax`, `beding`, `cardre`, `tshirt`) VALUES (8, 1, 1, 1, 1);
INSERT INTO `Extras` (`participantID`, `tax`, `beding`, `cardre`, `tshirt`) VALUES (9, 1, 0, 0, 1);
INSERT INTO `Extras` (`participantID`, `tax`, `beding`, `cardre`, `tshirt`) VALUES (10, 0, 0, 1, 0);
INSERT INTO `Extras` (`participantID`, `tax`, `beding`, `cardre`, `tshirt`) VALUES (11, 1, 1, 0, 1);
INSERT INTO `Extras` (`participantID`, `tax`, `beding`, `cardre`, `tshirt`) VALUES (12, 1, 0, 1, 0);
INSERT INTO `Extras` (`participantID`, `tax`, `beding`, `cardre`, `tshirt`) VALUES (13, 1, 0, 0, 0);
INSERT INTO `Extras` (`participantID`, `tax`, `beding`, `cardre`, `tshirt`) VALUES (14, 0, 1, 1, 1);
INSERT INTO `Extras` (`participantID`, `tax`, `beding`, `cardre`, `tshirt`) VALUES (15, 0, 1, 1, 0);
INSERT INTO `Extras` (`participantID`, `tax`, `beding`, `cardre`, `tshirt`) VALUES (16, 0, 1, 1, 1);
INSERT INTO `Extras` (`participantID`, `tax`, `beding`, `cardre`, `tshirt`) VALUES (17, 0, 0, 0, 1);
INSERT INTO `Extras` (`participantID`, `tax`, `beding`, `cardre`, `tshirt`) VALUES (18, 1, 1, 1, 1);
INSERT INTO `Extras` (`participantID`, `tax`, `beding`, `cardre`, `tshirt`) VALUES (19, 1, 0, 1, 0);
INSERT INTO `Extras` (`participantID`, `tax`, `beding`, `cardre`, `tshirt`) VALUES (20, 1, 1, 0, 1);
INSERT INTO `Extras` (`participantID`, `tax`, `beding`, `cardre`, `tshirt`) VALUES (21, 0, 1, 1, 1);
INSERT INTO `Extras` (`participantID`, `tax`, `beding`, `cardre`, `tshirt`) VALUES (22, 1, 1, 0, 0);
INSERT INTO `Extras` (`participantID`, `tax`, `beding`, `cardre`, `tshirt`) VALUES (23, 1, 0, 0, 1);
INSERT INTO `Extras` (`participantID`, `tax`, `beding`, `cardre`, `tshirt`) VALUES (24, 0, 0, 0, 0);
INSERT INTO `Extras` (`participantID`, `tax`, `beding`, `cardre`, `tshirt`) VALUES (25, 1, 1, 0, 0);
INSERT INTO `Extras` (`participantID`, `tax`, `beding`, `cardre`, `tshirt`) VALUES (26, 0, 0, 1, 1);
INSERT INTO `Extras` (`participantID`, `tax`, `beding`, `cardre`, `tshirt`) VALUES (27, 0, 0, 0, 1);
INSERT INTO `Extras` (`participantID`, `tax`, `beding`, `cardre`, `tshirt`) VALUES (28, 1, 1, 0, 1);
INSERT INTO `Extras` (`participantID`, `tax`, `beding`, `cardre`, `tshirt`) VALUES (29, 1, 1, 1, 1);
INSERT INTO `Extras` (`participantID`, `tax`, `beding`, `cardre`, `tshirt`) VALUES (30, 0, 1, 1, 0);
INSERT INTO `Extras` (`participantID`, `tax`, `beding`, `cardre`, `tshirt`) VALUES (31, 1, 0, 0, 1);
INSERT INTO `Extras` (`participantID`, `tax`, `beding`, `cardre`, `tshirt`) VALUES (32, 1, 0, 0, 0);
INSERT INTO `Extras` (`participantID`, `tax`, `beding`, `cardre`, `tshirt`) VALUES (33, 1, 0, 1, 0);
INSERT INTO `Extras` (`participantID`, `tax`, `beding`, `cardre`, `tshirt`) VALUES (34, 1, 0, 0, 1);
INSERT INTO `Extras` (`participantID`, `tax`, `beding`, `cardre`, `tshirt`) VALUES (35, 0, 0, 1, 0);
INSERT INTO `Extras` (`participantID`, `tax`, `beding`, `cardre`, `tshirt`) VALUES (36, 0, 0, 1, 0);
INSERT INTO `Extras` (`participantID`, `tax`, `beding`, `cardre`, `tshirt`) VALUES (37, 0, 0, 1, 1);
INSERT INTO `Extras` (`participantID`, `tax`, `beding`, `cardre`, `tshirt`) VALUES (38, 1, 1, 0, 0);
INSERT INTO `Extras` (`participantID`, `tax`, `beding`, `cardre`, `tshirt`) VALUES (39, 0, 0, 0, 1);
INSERT INTO `Extras` (`participantID`, `tax`, `beding`, `cardre`, `tshirt`) VALUES (40, 1, 1, 0, 0);
INSERT INTO `Extras` (`participantID`, `tax`, `beding`, `cardre`, `tshirt`) VALUES (41, 1, 0, 0, 1);
INSERT INTO `Extras` (`participantID`, `tax`, `beding`, `cardre`, `tshirt`) VALUES (42, 0, 0, 1, 0);
INSERT INTO `Extras` (`participantID`, `tax`, `beding`, `cardre`, `tshirt`) VALUES (43, 1, 1, 1, 0);
INSERT INTO `Extras` (`participantID`, `tax`, `beding`, `cardre`, `tshirt`) VALUES (44, 1, 0, 0, 0);
INSERT INTO `Extras` (`participantID`, `tax`, `beding`, `cardre`, `tshirt`) VALUES (45, 0, 0, 1, 1);
INSERT INTO `Extras` (`participantID`, `tax`, `beding`, `cardre`, `tshirt`) VALUES (46, 0, 0, 1, 1);
INSERT INTO `Extras` (`participantID`, `tax`, `beding`, `cardre`, `tshirt`) VALUES (47, 1, 0, 1, 1);
INSERT INTO `Extras` (`participantID`, `tax`, `beding`, `cardre`, `tshirt`) VALUES (48, 0, 1, 1, 0);
INSERT INTO `Extras` (`participantID`, `tax`, `beding`, `cardre`, `tshirt`) VALUES (49, 1, 1, 0, 1);
INSERT INTO `Extras` (`participantID`, `tax`, `beding`, `cardre`, `tshirt`) VALUES (50, 0, 0, 1, 1);
INSERT INTO `Extras` (`participantID`, `tax`, `beding`, `cardre`, `tshirt`) VALUES (51, 1, 1, 1, 0);
INSERT INTO `Extras` (`participantID`, `tax`, `beding`, `cardre`, `tshirt`) VALUES (52, 0, 1, 0, 0);
INSERT INTO `Extras` (`participantID`, `tax`, `beding`, `cardre`, `tshirt`) VALUES (53, 0, 1, 0, 0);
INSERT INTO `Extras` (`participantID`, `tax`, `beding`, `cardre`, `tshirt`) VALUES (54, 1, 0, 0, 1);
INSERT INTO `Extras` (`participantID`, `tax`, `beding`, `cardre`, `tshirt`) VALUES (55, 1, 1, 1, 1);
INSERT INTO `Extras` (`participantID`, `tax`, `beding`, `cardre`, `tshirt`) VALUES (56, 1, 0, 1, 0);
INSERT INTO `Extras` (`participantID`, `tax`, `beding`, `cardre`, `tshirt`) VALUES (57, 1, 1, 0, 0);
INSERT INTO `Extras` (`participantID`, `tax`, `beding`, `cardre`, `tshirt`) VALUES (58, 0, 1, 0, 0);
INSERT INTO `Extras` (`participantID`, `tax`, `beding`, `cardre`, `tshirt`) VALUES (59, 1, 0, 0, 1);
INSERT INTO `Extras` (`participantID`, `tax`, `beding`, `cardre`, `tshirt`) VALUES (60, 0, 0, 1, 0);
INSERT INTO `Extras` (`participantID`, `tax`, `beding`, `cardre`, `tshirt`) VALUES (61, 0, 0, 0, 1);
INSERT INTO `Extras` (`participantID`, `tax`, `beding`, `cardre`, `tshirt`) VALUES (62, 1, 1, 1, 0);
INSERT INTO `Extras` (`participantID`, `tax`, `beding`, `cardre`, `tshirt`) VALUES (63, 0, 1, 1, 1);
INSERT INTO `Extras` (`participantID`, `tax`, `beding`, `cardre`, `tshirt`) VALUES (64, 1, 1, 0, 1);
INSERT INTO `Extras` (`participantID`, `tax`, `beding`, `cardre`, `tshirt`) VALUES (65, 1, 0, 0, 0);
INSERT INTO `Extras` (`participantID`, `tax`, `beding`, `cardre`, `tshirt`) VALUES (66, 0, 0, 0, 0);
INSERT INTO `Extras` (`participantID`, `tax`, `beding`, `cardre`, `tshirt`) VALUES (67, 0, 0, 0, 0);
INSERT INTO `Extras` (`participantID`, `tax`, `beding`, `cardre`, `tshirt`) VALUES (68, 0, 0, 1, 1);
INSERT INTO `Extras` (`participantID`, `tax`, `beding`, `cardre`, `tshirt`) VALUES (69, 0, 0, 1, 0);
INSERT INTO `Extras` (`participantID`, `tax`, `beding`, `cardre`, `tshirt`) VALUES (70, 1, 1, 0, 1);
INSERT INTO `Extras` (`participantID`, `tax`, `beding`, `cardre`, `tshirt`) VALUES (71, 1, 1, 0, 0);
INSERT INTO `Extras` (`participantID`, `tax`, `beding`, `cardre`, `tshirt`) VALUES (72, 0, 1, 1, 0);
INSERT INTO `Extras` (`participantID`, `tax`, `beding`, `cardre`, `tshirt`) VALUES (73, 1, 0, 0, 0);
INSERT INTO `Extras` (`participantID`, `tax`, `beding`, `cardre`, `tshirt`) VALUES (74, 1, 0, 0, 1);
INSERT INTO `Extras` (`participantID`, `tax`, `beding`, `cardre`, `tshirt`) VALUES (75, 0, 1, 1, 0);
INSERT INTO `Extras` (`participantID`, `tax`, `beding`, `cardre`, `tshirt`) VALUES (76, 1, 0, 1, 1);
INSERT INTO `Extras` (`participantID`, `tax`, `beding`, `cardre`, `tshirt`) VALUES (77, 1, 0, 0, 0);
INSERT INTO `Extras` (`participantID`, `tax`, `beding`, `cardre`, `tshirt`) VALUES (78, 0, 1, 1, 0);
INSERT INTO `Extras` (`participantID`, `tax`, `beding`, `cardre`, `tshirt`) VALUES (79, 1, 1, 0, 1);
INSERT INTO `Extras` (`participantID`, `tax`, `beding`, `cardre`, `tshirt`) VALUES (80, 0, 1, 1, 1);
INSERT INTO `Extras` (`participantID`, `tax`, `beding`, `cardre`, `tshirt`) VALUES (81, 0, 0, 1, 0);
INSERT INTO `Extras` (`participantID`, `tax`, `beding`, `cardre`, `tshirt`) VALUES (82, 1, 1, 1, 1);
INSERT INTO `Extras` (`participantID`, `tax`, `beding`, `cardre`, `tshirt`) VALUES (83, 0, 0, 0, 1);
INSERT INTO `Extras` (`participantID`, `tax`, `beding`, `cardre`, `tshirt`) VALUES (84, 0, 0, 0, 0);
INSERT INTO `Extras` (`participantID`, `tax`, `beding`, `cardre`, `tshirt`) VALUES (85, 0, 0, 0, 0);
INSERT INTO `Extras` (`participantID`, `tax`, `beding`, `cardre`, `tshirt`) VALUES (86, 0, 0, 1, 0);
INSERT INTO `Extras` (`participantID`, `tax`, `beding`, `cardre`, `tshirt`) VALUES (87, 0, 1, 0, 0);
INSERT INTO `Extras` (`participantID`, `tax`, `beding`, `cardre`, `tshirt`) VALUES (88, 0, 1, 1, 1);
INSERT INTO `Extras` (`participantID`, `tax`, `beding`, `cardre`, `tshirt`) VALUES (89, 0, 1, 0, 0);
INSERT INTO `Extras` (`participantID`, `tax`, `beding`, `cardre`, `tshirt`) VALUES (90, 0, 0, 0, 0);
INSERT INTO `Extras` (`participantID`, `tax`, `beding`, `cardre`, `tshirt`) VALUES (91, 1, 0, 1, 0);
INSERT INTO `Extras` (`participantID`, `tax`, `beding`, `cardre`, `tshirt`) VALUES (92, 1, 0, 1, 1);
INSERT INTO `Extras` (`participantID`, `tax`, `beding`, `cardre`, `tshirt`) VALUES (93, 1, 0, 0, 0);
INSERT INTO `Extras` (`participantID`, `tax`, `beding`, `cardre`, `tshirt`) VALUES (94, 0, 0, 0, 0);
INSERT INTO `Extras` (`participantID`, `tax`, `beding`, `cardre`, `tshirt`) VALUES (95, 1, 0, 1, 0);
INSERT INTO `Extras` (`participantID`, `tax`, `beding`, `cardre`, `tshirt`) VALUES (96, 0, 0, 1, 1);
INSERT INTO `Extras` (`participantID`, `tax`, `beding`, `cardre`, `tshirt`) VALUES (97, 1, 1, 0, 0);
INSERT INTO `Extras` (`participantID`, `tax`, `beding`, `cardre`, `tshirt`) VALUES (98, 0, 0, 0, 0);
INSERT INTO `Extras` (`participantID`, `tax`, `beding`, `cardre`, `tshirt`) VALUES (99, 0, 0, 1, 0);
INSERT INTO `Extras` (`participantID`, `tax`, `beding`, `cardre`, `tshirt`) VALUES (100, 1, 0, 0, 1);
INSERT INTO `Payments` (`paymentID`, `date`, `ammount`, `title`, `participantID`, `paymentMethod`) VALUES (1, '2020-02-22', -207, 'Repudiandae est dicta repellat odio eaque optio ac', 62, 'c');
INSERT INTO `Payments` (`paymentID`, `date`, `ammount`, `title`, `participantID`, `paymentMethod`) VALUES (2, '2020-02-20', 271, 'Id dolores praesentium temporibus velit inventore ', 22, 'b');
INSERT INTO `Payments` (`paymentID`, `date`, `ammount`, `title`, `participantID`, `paymentMethod`) VALUES (3, '2020-02-21', -123, 'Ut quas qui nisi quod eveniet natus harum.', 28, 'a');
INSERT INTO `Payments` (`paymentID`, `date`, `ammount`, `title`, `participantID`, `paymentMethod`) VALUES (4, '2020-02-22', -37, 'Veritatis quo autem ducimus et nostrum et.', 42, 'c');
INSERT INTO `Payments` (`paymentID`, `date`, `ammount`, `title`, `participantID`, `paymentMethod`) VALUES (5, '2020-02-26', -131, 'Error fugiat temporibus et totam consequatur magni', 19, 'b');
INSERT INTO `Payments` (`paymentID`, `date`, `ammount`, `title`, `participantID`, `paymentMethod`) VALUES (6, '2020-02-23', 235, 'Et expedita aut aspernatur quod.', 53, 'c');
INSERT INTO `Payments` (`paymentID`, `date`, `ammount`, `title`, `participantID`, `paymentMethod`) VALUES (7, '2020-02-26', 74, 'Aut non qui optio consequatur maxime est molestias', 26, 'a');
INSERT INTO `Payments` (`paymentID`, `date`, `ammount`, `title`, `participantID`, `paymentMethod`) VALUES (8, '2020-02-21', -210, 'Exercitationem architecto cumque deleniti ullam ni', 27, 'c');
INSERT INTO `Payments` (`paymentID`, `date`, `ammount`, `title`, `participantID`, `paymentMethod`) VALUES (9, '2020-02-17', -18, 'Iusto quod beatae doloribus autem non.', 6, 'a');
INSERT INTO `Payments` (`paymentID`, `date`, `ammount`, `title`, `participantID`, `paymentMethod`) VALUES (10, '2020-02-26', 485, 'Quam unde et dignissimos eum unde voluptates.', 66, 'a');
INSERT INTO `Payments` (`paymentID`, `date`, `ammount`, `title`, `participantID`, `paymentMethod`) VALUES (11, '2020-02-22', 393, 'Quos distinctio enim consequatur saepe voluptatem ', 93, 'a');
INSERT INTO `Payments` (`paymentID`, `date`, `ammount`, `title`, `participantID`, `paymentMethod`) VALUES (12, '2020-02-18', 408, 'Aliquid quam sint delectus repellat aut.', 6, 'b');
INSERT INTO `Payments` (`paymentID`, `date`, `ammount`, `title`, `participantID`, `paymentMethod`) VALUES (13, '2020-02-24', 106, 'Recusandae dolore ut ex voluptatem dolor.', 27, 'a');
INSERT INTO `Payments` (`paymentID`, `date`, `ammount`, `title`, `participantID`, `paymentMethod`) VALUES (14, '2020-02-21', 20, 'Doloremque labore velit corporis quia at.', 71, 'b');
INSERT INTO `Payments` (`paymentID`, `date`, `ammount`, `title`, `participantID`, `paymentMethod`) VALUES (15, '2020-02-17', 78, 'Error cum corrupti explicabo dolorem eligendi ea.', 56, 'b');
INSERT INTO `Payments` (`paymentID`, `date`, `ammount`, `title`, `participantID`, `paymentMethod`) VALUES (16, '2020-02-19', 306, 'Corporis rerum necessitatibus veniam dolorem.', 24, 'a');
INSERT INTO `Payments` (`paymentID`, `date`, `ammount`, `title`, `participantID`, `paymentMethod`) VALUES (17, '2020-02-24', 291, 'Ipsum minus distinctio provident sunt nesciunt.', 1, 'b');
INSERT INTO `Payments` (`paymentID`, `date`, `ammount`, `title`, `participantID`, `paymentMethod`) VALUES (18, '2020-02-19', -182, 'Dolore officiis facere qui neque illum consequatur', 42, 'a');
INSERT INTO `Payments` (`paymentID`, `date`, `ammount`, `title`, `participantID`, `paymentMethod`) VALUES (19, '2020-02-20', 392, 'Mollitia est similique voluptas.', 16, 'c');
INSERT INTO `Payments` (`paymentID`, `date`, `ammount`, `title`, `participantID`, `paymentMethod`) VALUES (20, '2020-02-24', -185, 'Id nulla in omnis perspiciatis doloribus aut iusto', 15, 'a');
INSERT INTO `Payments` (`paymentID`, `date`, `ammount`, `title`, `participantID`, `paymentMethod`) VALUES (21, '2020-02-23', -38, 'Nihil sapiente nobis vitae dolore praesentium.', 16, 'a');
INSERT INTO `Payments` (`paymentID`, `date`, `ammount`, `title`, `participantID`, `paymentMethod`) VALUES (22, '2020-02-24', -173, 'Pariatur consequatur assumenda magni id non itaque', 55, 'c');
INSERT INTO `Payments` (`paymentID`, `date`, `ammount`, `title`, `participantID`, `paymentMethod`) VALUES (23, '2020-02-20', 482, 'Et nostrum pariatur qui minima dolores.', 17, 'a');
INSERT INTO `Payments` (`paymentID`, `date`, `ammount`, `title`, `participantID`, `paymentMethod`) VALUES (24, '2020-02-25', -34, 'Qui voluptatibus quia odio voluptas aperiam nobis.', 33, 'b');
INSERT INTO `Payments` (`paymentID`, `date`, `ammount`, `title`, `participantID`, `paymentMethod`) VALUES (25, '2020-02-20', -116, 'Consequatur similique odit eum ut doloremque dolor', 28, 'b');
INSERT INTO `Payments` (`paymentID`, `date`, `ammount`, `title`, `participantID`, `paymentMethod`) VALUES (26, '2020-02-25', 425, 'Sed incidunt quod culpa est inventore vel exercita', 12, 'b');
INSERT INTO `Payments` (`paymentID`, `date`, `ammount`, `title`, `participantID`, `paymentMethod`) VALUES (27, '2020-02-25', 65, 'Est voluptatibus quas velit error harum dolorem si', 7, 'b');
INSERT INTO `Payments` (`paymentID`, `date`, `ammount`, `title`, `participantID`, `paymentMethod`) VALUES (28, '2020-02-24', 323, 'Quia porro sint dicta dolorum dolor dolore.', 88, 'b');
INSERT INTO `Payments` (`paymentID`, `date`, `ammount`, `title`, `participantID`, `paymentMethod`) VALUES (29, '2020-02-19', 495, 'Pariatur assumenda culpa delectus cumque nesciunt.', 48, 'a');
INSERT INTO `Payments` (`paymentID`, `date`, `ammount`, `title`, `participantID`, `paymentMethod`) VALUES (30, '2020-02-22', 276, 'Dignissimos nisi laudantium ducimus sunt.', 66, 'c');
INSERT INTO `Payments` (`paymentID`, `date`, `ammount`, `title`, `participantID`, `paymentMethod`) VALUES (31, '2020-02-24', 134, 'Ab est magni alias ut blanditiis.', 24, 'c');
INSERT INTO `Payments` (`paymentID`, `date`, `ammount`, `title`, `participantID`, `paymentMethod`) VALUES (32, '2020-02-23', 459, 'Est rerum cumque dolores.', 10, 'a');
INSERT INTO `Payments` (`paymentID`, `date`, `ammount`, `title`, `participantID`, `paymentMethod`) VALUES (33, '2020-02-18', 204, 'Adipisci sunt quidem ut.', 87, 'a');
INSERT INTO `Payments` (`paymentID`, `date`, `ammount`, `title`, `participantID`, `paymentMethod`) VALUES (34, '2020-02-20', 62, 'Culpa aliquam rerum quia ex assumenda quia.', 52, 'a');
INSERT INTO `Payments` (`paymentID`, `date`, `ammount`, `title`, `participantID`, `paymentMethod`) VALUES (35, '2020-02-22', 119, 'Eum quam non voluptatem quis id quod.', 51, 'c');
INSERT INTO `Payments` (`paymentID`, `date`, `ammount`, `title`, `participantID`, `paymentMethod`) VALUES (36, '2020-02-20', -186, 'Voluptate a odit maiores quibusdam rerum et natus ', 6, 'c');
INSERT INTO `Payments` (`paymentID`, `date`, `ammount`, `title`, `participantID`, `paymentMethod`) VALUES (37, '2020-02-22', 6, 'Et nihil incidunt qui et animi.', 4, 'a');
INSERT INTO `Payments` (`paymentID`, `date`, `ammount`, `title`, `participantID`, `paymentMethod`) VALUES (38, '2020-02-18', 226, 'Cumque et nam harum et.', 76, 'c');
INSERT INTO `Payments` (`paymentID`, `date`, `ammount`, `title`, `participantID`, `paymentMethod`) VALUES (39, '2020-02-20', -247, 'Explicabo quas quia consectetur et culpa necessita', 33, 'b');
INSERT INTO `Payments` (`paymentID`, `date`, `ammount`, `title`, `participantID`, `paymentMethod`) VALUES (40, '2020-02-21', 191, 'Accusamus ratione et similique et.', 10, 'c');
INSERT INTO `Payments` (`paymentID`, `date`, `ammount`, `title`, `participantID`, `paymentMethod`) VALUES (41, '2020-02-26', -258, 'Laboriosam asperiores est eveniet perspiciatis opt', 42, 'c');
INSERT INTO `Payments` (`paymentID`, `date`, `ammount`, `title`, `participantID`, `paymentMethod`) VALUES (42, '2020-02-20', -95, 'Quod et vel velit alias quas quae exercitationem e', 25, 'a');
INSERT INTO `Payments` (`paymentID`, `date`, `ammount`, `title`, `participantID`, `paymentMethod`) VALUES (43, '2020-02-26', -150, 'Tempore doloribus nihil eos.', 16, 'a');
INSERT INTO `Payments` (`paymentID`, `date`, `ammount`, `title`, `participantID`, `paymentMethod`) VALUES (44, '2020-02-19', -276, 'Et explicabo enim fugiat qui velit.', 69, 'a');
INSERT INTO `Payments` (`paymentID`, `date`, `ammount`, `title`, `participantID`, `paymentMethod`) VALUES (45, '2020-02-26', 297, 'Ut deserunt est non ipsam perferendis.', 96, 'a');
INSERT INTO `Payments` (`paymentID`, `date`, `ammount`, `title`, `participantID`, `paymentMethod`) VALUES (46, '2020-02-20', 414, 'Ut repudiandae temporibus iusto.', 71, 'c');
INSERT INTO `Payments` (`paymentID`, `date`, `ammount`, `title`, `participantID`, `paymentMethod`) VALUES (47, '2020-02-19', 406, 'Aspernatur corrupti quia repudiandae a exercitatio', 92, 'b');
INSERT INTO `Payments` (`paymentID`, `date`, `ammount`, `title`, `participantID`, `paymentMethod`) VALUES (48, '2020-02-27', -8, 'Alias sapiente quo atque cupiditate id repudiandae', 96, 'a');
INSERT INTO `Payments` (`paymentID`, `date`, `ammount`, `title`, `participantID`, `paymentMethod`) VALUES (49, '2020-02-19', -179, 'Similique est dolorem et.', 12, 'a');
INSERT INTO `Payments` (`paymentID`, `date`, `ammount`, `title`, `participantID`, `paymentMethod`) VALUES (50, '2020-02-21', 28, 'Mollitia animi quia quaerat sed.', 7, 'b');
INSERT INTO `Payments` (`paymentID`, `date`, `ammount`, `title`, `participantID`, `paymentMethod`) VALUES (51, '2020-02-25', -84, 'Qui odit deleniti quia accusantium qui laudantium ', 11, 'b');
INSERT INTO `Payments` (`paymentID`, `date`, `ammount`, `title`, `participantID`, `paymentMethod`) VALUES (52, '2020-02-20', -180, 'Aut incidunt expedita nulla suscipit illum perspic', 27, 'a');
INSERT INTO `Payments` (`paymentID`, `date`, `ammount`, `title`, `participantID`, `paymentMethod`) VALUES (53, '2020-02-23', 195, 'Temporibus officiis aspernatur quidem.', 61, 'a');
INSERT INTO `Payments` (`paymentID`, `date`, `ammount`, `title`, `participantID`, `paymentMethod`) VALUES (54, '2020-02-20', 306, 'Beatae fugiat qui ullam voluptatum assumenda corru', 27, 'c');
INSERT INTO `Payments` (`paymentID`, `date`, `ammount`, `title`, `participantID`, `paymentMethod`) VALUES (55, '2020-02-22', 436, 'Et nihil impedit voluptas.', 59, 'b');
INSERT INTO `Payments` (`paymentID`, `date`, `ammount`, `title`, `participantID`, `paymentMethod`) VALUES (56, '2020-02-26', -13, 'Et ut alias ab laborum et dignissimos.', 89, 'c');
INSERT INTO `Payments` (`paymentID`, `date`, `ammount`, `title`, `participantID`, `paymentMethod`) VALUES (57, '2020-02-18', -118, 'Fugiat laudantium eum nostrum.', 39, 'c');
INSERT INTO `Payments` (`paymentID`, `date`, `ammount`, `title`, `participantID`, `paymentMethod`) VALUES (58, '2020-02-24', 101, 'Cupiditate sit culpa autem vero earum excepturi.', 66, 'b');
INSERT INTO `Payments` (`paymentID`, `date`, `ammount`, `title`, `participantID`, `paymentMethod`) VALUES (59, '2020-02-21', 95, 'Culpa deserunt dolorem est omnis beatae.', 76, 'b');
INSERT INTO `Payments` (`paymentID`, `date`, `ammount`, `title`, `participantID`, `paymentMethod`) VALUES (60, '2020-02-21', 329, 'Expedita sed cupiditate voluptates ex praesentium.', 87, 'a');
INSERT INTO `Payments` (`paymentID`, `date`, `ammount`, `title`, `participantID`, `paymentMethod`) VALUES (61, '2020-02-27', -100, 'Voluptatem laudantium earum distinctio molestiae q', 31, 'b');
INSERT INTO `Payments` (`paymentID`, `date`, `ammount`, `title`, `participantID`, `paymentMethod`) VALUES (62, '2020-02-18', 265, 'Ex facilis dolores non est.', 99, 'a');
INSERT INTO `Payments` (`paymentID`, `date`, `ammount`, `title`, `participantID`, `paymentMethod`) VALUES (63, '2020-02-23', 145, 'Architecto dolores porro quis laudantium mollitia ', 96, 'b');
INSERT INTO `Payments` (`paymentID`, `date`, `ammount`, `title`, `participantID`, `paymentMethod`) VALUES (64, '2020-02-18', 183, 'Excepturi aliquid asperiores aut odio.', 18, 'b');
INSERT INTO `Payments` (`paymentID`, `date`, `ammount`, `title`, `participantID`, `paymentMethod`) VALUES (65, '2020-02-23', -292, 'Architecto quibusdam occaecati ex maiores possimus', 51, 'a');
INSERT INTO `Payments` (`paymentID`, `date`, `ammount`, `title`, `participantID`, `paymentMethod`) VALUES (66, '2020-02-20', -29, 'Voluptatem sequi ut aut sit.', 47, 'c');
INSERT INTO `Payments` (`paymentID`, `date`, `ammount`, `title`, `participantID`, `paymentMethod`) VALUES (67, '2020-02-21', -37, 'Voluptatem sed rerum sapiente et eligendi.', 23, 'a');
INSERT INTO `Payments` (`paymentID`, `date`, `ammount`, `title`, `participantID`, `paymentMethod`) VALUES (68, '2020-02-18', -93, 'Veniam quibusdam impedit excepturi veniam.', 54, 'a');
INSERT INTO `Payments` (`paymentID`, `date`, `ammount`, `title`, `participantID`, `paymentMethod`) VALUES (69, '2020-02-26', -198, 'Qui quidem quas voluptatibus inventore sit.', 23, 'a');
INSERT INTO `Payments` (`paymentID`, `date`, `ammount`, `title`, `participantID`, `paymentMethod`) VALUES (70, '2020-02-22', 186, 'Enim molestias aut molestiae dolorem et iusto aut.', 55, 'b');
INSERT INTO `Payments` (`paymentID`, `date`, `ammount`, `title`, `participantID`, `paymentMethod`) VALUES (71, '2020-02-18', 452, 'Eveniet et quidem quis sint quia velit vel.', 64, 'b');
INSERT INTO `Payments` (`paymentID`, `date`, `ammount`, `title`, `participantID`, `paymentMethod`) VALUES (72, '2020-02-23', 477, 'Ipsum expedita libero ullam eos.', 64, 'b');
INSERT INTO `Payments` (`paymentID`, `date`, `ammount`, `title`, `participantID`, `paymentMethod`) VALUES (73, '2020-02-23', -103, 'Et magni et dolores commodi eaque est.', 80, 'c');
INSERT INTO `Payments` (`paymentID`, `date`, `ammount`, `title`, `participantID`, `paymentMethod`) VALUES (74, '2020-02-26', -270, 'Eveniet aut eveniet sed illum.', 79, 'c');
INSERT INTO `Payments` (`paymentID`, `date`, `ammount`, `title`, `participantID`, `paymentMethod`) VALUES (75, '2020-02-20', 365, 'Assumenda unde repudiandae inventore et ab.', 32, 'c');
INSERT INTO `Payments` (`paymentID`, `date`, `ammount`, `title`, `participantID`, `paymentMethod`) VALUES (76, '2020-02-19', 238, 'Repellendus quia voluptatibus id nihil veritatis.', 75, 'a');
INSERT INTO `Payments` (`paymentID`, `date`, `ammount`, `title`, `participantID`, `paymentMethod`) VALUES (77, '2020-02-23', 131, 'Non architecto similique non et aut labore sit.', 49, 'c');
INSERT INTO `Payments` (`paymentID`, `date`, `ammount`, `title`, `participantID`, `paymentMethod`) VALUES (78, '2020-02-25', 298, 'Expedita error libero et dolor exercitationem.', 24, 'c');
INSERT INTO `Payments` (`paymentID`, `date`, `ammount`, `title`, `participantID`, `paymentMethod`) VALUES (79, '2020-02-26', 34, 'Dolorum beatae qui deserunt possimus culpa.', 71, 'b');
INSERT INTO `Payments` (`paymentID`, `date`, `ammount`, `title`, `participantID`, `paymentMethod`) VALUES (80, '2020-02-18', -31, 'Perferendis laudantium exercitationem non natus al', 60, 'b');
INSERT INTO `Payments` (`paymentID`, `date`, `ammount`, `title`, `participantID`, `paymentMethod`) VALUES (81, '2020-02-20', -200, 'Rerum eligendi quaerat deserunt nulla nesciunt id ', 30, 'b');
INSERT INTO `Payments` (`paymentID`, `date`, `ammount`, `title`, `participantID`, `paymentMethod`) VALUES (82, '2020-02-26', 445, 'Dolores facilis qui veniam quo.', 81, 'c');
INSERT INTO `Payments` (`paymentID`, `date`, `ammount`, `title`, `participantID`, `paymentMethod`) VALUES (83, '2020-02-22', -86, 'Incidunt at itaque et inventore.', 87, 'c');
INSERT INTO `Payments` (`paymentID`, `date`, `ammount`, `title`, `participantID`, `paymentMethod`) VALUES (84, '2020-02-18', 62, 'Quos modi expedita saepe.', 91, 'b');
INSERT INTO `Payments` (`paymentID`, `date`, `ammount`, `title`, `participantID`, `paymentMethod`) VALUES (85, '2020-02-19', -82, 'Molestiae sapiente ut reiciendis possimus laborios', 8, 'b');
INSERT INTO `Payments` (`paymentID`, `date`, `ammount`, `title`, `participantID`, `paymentMethod`) VALUES (86, '2020-02-25', 327, 'Earum mollitia voluptates possimus ad.', 46, 'c');
INSERT INTO `Payments` (`paymentID`, `date`, `ammount`, `title`, `participantID`, `paymentMethod`) VALUES (87, '2020-02-26', -167, 'Ratione cumque omnis aut harum.', 80, 'a');
INSERT INTO `Payments` (`paymentID`, `date`, `ammount`, `title`, `participantID`, `paymentMethod`) VALUES (88, '2020-02-22', -37, 'Est dolorum est ullam non doloribus molestiae.', 46, 'c');
INSERT INTO `Payments` (`paymentID`, `date`, `ammount`, `title`, `participantID`, `paymentMethod`) VALUES (89, '2020-02-20', 354, 'Voluptatem tenetur rerum optio officia incidunt fa', 11, 'c');
INSERT INTO `Payments` (`paymentID`, `date`, `ammount`, `title`, `participantID`, `paymentMethod`) VALUES (90, '2020-02-23', 406, 'Impedit rem quis debitis optio.', 55, 'a');
INSERT INTO `Payments` (`paymentID`, `date`, `ammount`, `title`, `participantID`, `paymentMethod`) VALUES (91, '2020-02-21', -113, 'Iure rerum dolor qui totam.', 32, 'a');
INSERT INTO `Payments` (`paymentID`, `date`, `ammount`, `title`, `participantID`, `paymentMethod`) VALUES (92, '2020-02-19', 21, 'Nisi enim qui illum aut.', 41, 'b');
INSERT INTO `Payments` (`paymentID`, `date`, `ammount`, `title`, `participantID`, `paymentMethod`) VALUES (93, '2020-02-23', 342, 'Magni iusto sint earum quisquam sed repellat illo.', 54, 'b');
INSERT INTO `Payments` (`paymentID`, `date`, `ammount`, `title`, `participantID`, `paymentMethod`) VALUES (94, '2020-02-21', 52, 'Accusantium delectus quisquam saepe.', 27, 'a');
INSERT INTO `Payments` (`paymentID`, `date`, `ammount`, `title`, `participantID`, `paymentMethod`) VALUES (95, '2020-02-27', 119, 'Iste et aliquam exercitationem incidunt.', 59, 'c');
INSERT INTO `Payments` (`paymentID`, `date`, `ammount`, `title`, `participantID`, `paymentMethod`) VALUES (96, '2020-02-22', -300, 'In cum sunt quidem distinctio.', 4, 'b');
INSERT INTO `Payments` (`paymentID`, `date`, `ammount`, `title`, `participantID`, `paymentMethod`) VALUES (97, '2020-02-21', 149, 'Ipsa vero voluptas itaque consequatur in molestiae', 74, 'a');
INSERT INTO `Payments` (`paymentID`, `date`, `ammount`, `title`, `participantID`, `paymentMethod`) VALUES (98, '2020-02-17', 6, 'Et beatae harum omnis sed dolores non blanditiis.', 82, 'b');
INSERT INTO `Payments` (`paymentID`, `date`, `ammount`, `title`, `participantID`, `paymentMethod`) VALUES (99, '2020-02-23', -110, 'Sunt suscipit corporis quam enim et dolorum.', 58, 'a');
INSERT INTO `Payments` (`paymentID`, `date`, `ammount`, `title`, `participantID`, `paymentMethod`) VALUES (100, '2020-02-26', 371, 'Corporis voluptas sequi dolor est.', 96, 'c');
INSERT INTO `Rooms` (`roomID`, `capacity`, `floor`, `bathroom`) VALUES (1, 2, 3, 0);
INSERT INTO `Rooms` (`roomID`, `capacity`, `floor`, `bathroom`) VALUES (2, 3, 1, 1);
INSERT INTO `Rooms` (`roomID`, `capacity`, `floor`, `bathroom`) VALUES (3, 7, 1, 0);
INSERT INTO `Rooms` (`roomID`, `capacity`, `floor`, `bathroom`) VALUES (4, 7, 2, 0);
INSERT INTO `Rooms` (`roomID`, `capacity`, `floor`, `bathroom`) VALUES (5, 5, 3, 1);
INSERT INTO `Rooms` (`roomID`, `capacity`, `floor`, `bathroom`) VALUES (6, 4, 1, 1);
INSERT INTO `Rooms` (`roomID`, `capacity`, `floor`, `bathroom`) VALUES (7, 7, 0, 1);
INSERT INTO `Rooms` (`roomID`, `capacity`, `floor`, `bathroom`) VALUES (8, 7, 1, 0);
INSERT INTO `Rooms` (`roomID`, `capacity`, `floor`, `bathroom`) VALUES (9, 4, 1, 1);
INSERT INTO `Rooms` (`roomID`, `capacity`, `floor`, `bathroom`) VALUES (10, 3, 1, 0);
INSERT INTO `Rooms` (`roomID`, `capacity`, `floor`, `bathroom`) VALUES (11, 8, 3, 0);
INSERT INTO `Rooms` (`roomID`, `capacity`, `floor`, `bathroom`) VALUES (12, 5, 1, 0);
INSERT INTO `Tshirts` (`participantID`, `color`, `size`, `type`, `received`) VALUES (1, 'navy', 'h', 'c', 1);
INSERT INTO `Tshirts` (`participantID`, `color`, `size`, `type`, `received`) VALUES (2, 'green', 's', 'b', 1);
INSERT INTO `Tshirts` (`participantID`, `color`, `size`, `type`, `received`) VALUES (3, 'blue', 't', 'c', 0);
INSERT INTO `Tshirts` (`participantID`, `color`, `size`, `type`, `received`) VALUES (4, 'purple', 'l', 'c', 1);
INSERT INTO `Tshirts` (`participantID`, `color`, `size`, `type`, `received`) VALUES (5, 'lime', 'n', 'c', 1);
INSERT INTO `Tshirts` (`participantID`, `color`, `size`, `type`, `received`) VALUES (6, 'navy', 'e', 'a', 1);
INSERT INTO `Tshirts` (`participantID`, `color`, `size`, `type`, `received`) VALUES (7, 'maroon', 'e', 'c', 1);
INSERT INTO `Tshirts` (`participantID`, `color`, `size`, `type`, `received`) VALUES (8, 'fuchsia', 'w', 'c', 1);
INSERT INTO `Tshirts` (`participantID`, `color`, `size`, `type`, `received`) VALUES (9, 'olive', 'x', 'c', 1);
INSERT INTO `Tshirts` (`participantID`, `color`, `size`, `type`, `received`) VALUES (10, 'navy', 'l', 'c', 0);
INSERT INTO `Tshirts` (`participantID`, `color`, `size`, `type`, `received`) VALUES (11, 'blue', 'a', 'b', 0);
INSERT INTO `Tshirts` (`participantID`, `color`, `size`, `type`, `received`) VALUES (12, 'aqua', 'b', 'c', 1);
INSERT INTO `Tshirts` (`participantID`, `color`, `size`, `type`, `received`) VALUES (13, 'navy', 'b', 'a', 1);
INSERT INTO `Tshirts` (`participantID`, `color`, `size`, `type`, `received`) VALUES (14, 'teal', 'x', 'b', 1);
INSERT INTO `Tshirts` (`participantID`, `color`, `size`, `type`, `received`) VALUES (15, 'yellow', 'i', 'c', 0);
INSERT INTO `Tshirts` (`participantID`, `color`, `size`, `type`, `received`) VALUES (16, 'gray', 'e', 'b', 0);
INSERT INTO `Tshirts` (`participantID`, `color`, `size`, `type`, `received`) VALUES (17, 'black', 'l', 'b', 0);
INSERT INTO `Tshirts` (`participantID`, `color`, `size`, `type`, `received`) VALUES (18, 'fuchsia', 'j', 'c', 0);
INSERT INTO `Tshirts` (`participantID`, `color`, `size`, `type`, `received`) VALUES (19, 'green', 'e', 'b', 0);
INSERT INTO `Tshirts` (`participantID`, `color`, `size`, `type`, `received`) VALUES (20, 'olive', 'e', 'b', 1);
INSERT INTO `Tshirts` (`participantID`, `color`, `size`, `type`, `received`) VALUES (21, 'yellow', 's', 'c', 0);
INSERT INTO `Tshirts` (`participantID`, `color`, `size`, `type`, `received`) VALUES (22, 'aqua', 'w', 'b', 0);
INSERT INTO `Tshirts` (`participantID`, `color`, `size`, `type`, `received`) VALUES (23, 'blue', 't', 'c', 0);
INSERT INTO `Tshirts` (`participantID`, `color`, `size`, `type`, `received`) VALUES (24, 'purple', 'm', 'c', 1);
INSERT INTO `Tshirts` (`participantID`, `color`, `size`, `type`, `received`) VALUES (25, 'lime', 'y', 'c', 0);
INSERT INTO `Tshirts` (`participantID`, `color`, `size`, `type`, `received`) VALUES (26, 'olive', 'e', 'b', 1);
INSERT INTO `Tshirts` (`participantID`, `color`, `size`, `type`, `received`) VALUES (27, 'lime', 'r', 'c', 1);
INSERT INTO `Tshirts` (`participantID`, `color`, `size`, `type`, `received`) VALUES (28, 'aqua', 'y', 'a', 0);
INSERT INTO `Tshirts` (`participantID`, `color`, `size`, `type`, `received`) VALUES (29, 'blue', 'j', 'c', 1);
INSERT INTO `Tshirts` (`participantID`, `color`, `size`, `type`, `received`) VALUES (30, 'olive', 'o', 'b', 1);
INSERT INTO `Tshirts` (`participantID`, `color`, `size`, `type`, `received`) VALUES (31, 'teal', 'i', 'c', 1);
INSERT INTO `Tshirts` (`participantID`, `color`, `size`, `type`, `received`) VALUES (32, 'green', 'n', 'b', 0);
INSERT INTO `Tshirts` (`participantID`, `color`, `size`, `type`, `received`) VALUES (33, 'yellow', 'b', 'a', 1);
INSERT INTO `Tshirts` (`participantID`, `color`, `size`, `type`, `received`) VALUES (34, 'lime', 'x', 'a', 0);
INSERT INTO `Tshirts` (`participantID`, `color`, `size`, `type`, `received`) VALUES (35, 'green', 's', 'b', 0);
INSERT INTO `Tshirts` (`participantID`, `color`, `size`, `type`, `received`) VALUES (36, 'yellow', 'q', 'c', 0);
INSERT INTO `Tshirts` (`participantID`, `color`, `size`, `type`, `received`) VALUES (37, 'blue', 's', 'a', 1);
INSERT INTO `Tshirts` (`participantID`, `color`, `size`, `type`, `received`) VALUES (38, 'aqua', 'j', 'b', 0);
INSERT INTO `Tshirts` (`participantID`, `color`, `size`, `type`, `received`) VALUES (39, 'aqua', 'i', 'b', 1);
INSERT INTO `Tshirts` (`participantID`, `color`, `size`, `type`, `received`) VALUES (40, 'green', 'v', 'b', 0);
INSERT INTO `Tshirts` (`participantID`, `color`, `size`, `type`, `received`) VALUES (41, 'silver', 'p', 'b', 0);
INSERT INTO `Tshirts` (`participantID`, `color`, `size`, `type`, `received`) VALUES (42, 'blue', 'g', 'c', 1);
INSERT INTO `Tshirts` (`participantID`, `color`, `size`, `type`, `received`) VALUES (43, 'silver', 'o', 'c', 1);
INSERT INTO `Tshirts` (`participantID`, `color`, `size`, `type`, `received`) VALUES (44, 'aqua', 'q', 'c', 1);
INSERT INTO `Tshirts` (`participantID`, `color`, `size`, `type`, `received`) VALUES (45, 'silver', 'e', 'b', 0);
INSERT INTO `Tshirts` (`participantID`, `color`, `size`, `type`, `received`) VALUES (46, 'green', 'j', 'b', 1);
INSERT INTO `Tshirts` (`participantID`, `color`, `size`, `type`, `received`) VALUES (47, 'black', 'i', 'a', 0);
INSERT INTO `Tshirts` (`participantID`, `color`, `size`, `type`, `received`) VALUES (48, 'yellow', 'p', 'b', 0);
INSERT INTO `Tshirts` (`participantID`, `color`, `size`, `type`, `received`) VALUES (49, 'fuchsia', 'h', 'b', 1);
INSERT INTO `Tshirts` (`participantID`, `color`, `size`, `type`, `received`) VALUES (50, 'olive', 'g', 'a', 0);
INSERT INTO `Tshirts` (`participantID`, `color`, `size`, `type`, `received`) VALUES (51, 'purple', 't', 'a', 1);
INSERT INTO `Tshirts` (`participantID`, `color`, `size`, `type`, `received`) VALUES (52, 'fuchsia', 'v', 'a', 0);
INSERT INTO `Tshirts` (`participantID`, `color`, `size`, `type`, `received`) VALUES (53, 'fuchsia', 'p', 'c', 1);
INSERT INTO `Tshirts` (`participantID`, `color`, `size`, `type`, `received`) VALUES (54, 'yellow', 'd', 'b', 0);
INSERT INTO `Tshirts` (`participantID`, `color`, `size`, `type`, `received`) VALUES (55, 'purple', 'f', 'b', 1);
INSERT INTO `Tshirts` (`participantID`, `color`, `size`, `type`, `received`) VALUES (56, 'lime', 'd', 'b', 1);
INSERT INTO `Tshirts` (`participantID`, `color`, `size`, `type`, `received`) VALUES (57, 'lime', 'f', 'b', 0);
INSERT INTO `Tshirts` (`participantID`, `color`, `size`, `type`, `received`) VALUES (58, 'navy', 'j', 'b', 1);
INSERT INTO `Tshirts` (`participantID`, `color`, `size`, `type`, `received`) VALUES (59, 'white', 'o', 'b', 1);
INSERT INTO `Tshirts` (`participantID`, `color`, `size`, `type`, `received`) VALUES (60, 'lime', 'a', 'a', 1);
INSERT INTO `Tshirts` (`participantID`, `color`, `size`, `type`, `received`) VALUES (61, 'black', 'i', 'c', 0);
INSERT INTO `Tshirts` (`participantID`, `color`, `size`, `type`, `received`) VALUES (62, 'lime', 'w', 'c', 1);
INSERT INTO `Tshirts` (`participantID`, `color`, `size`, `type`, `received`) VALUES (63, 'purple', 'n', 'b', 0);
INSERT INTO `Tshirts` (`participantID`, `color`, `size`, `type`, `received`) VALUES (64, 'black', 'd', 'a', 0);
INSERT INTO `Tshirts` (`participantID`, `color`, `size`, `type`, `received`) VALUES (65, 'green', 'q', 'c', 1);
INSERT INTO `Tshirts` (`participantID`, `color`, `size`, `type`, `received`) VALUES (66, 'black', 'p', 'c', 0);
INSERT INTO `Tshirts` (`participantID`, `color`, `size`, `type`, `received`) VALUES (67, 'fuchsia', 'y', 'b', 0);
INSERT INTO `Tshirts` (`participantID`, `color`, `size`, `type`, `received`) VALUES (68, 'blue', 'b', 'b', 0);
INSERT INTO `Tshirts` (`participantID`, `color`, `size`, `type`, `received`) VALUES (69, 'gray', 'e', 'b', 0);
INSERT INTO `Tshirts` (`participantID`, `color`, `size`, `type`, `received`) VALUES (70, 'blue', 'n', 'b', 1);
INSERT INTO `Tshirts` (`participantID`, `color`, `size`, `type`, `received`) VALUES (71, 'lime', 'j', 'b', 1);
INSERT INTO `Tshirts` (`participantID`, `color`, `size`, `type`, `received`) VALUES (72, 'maroon', 'o', 'b', 1);
INSERT INTO `Tshirts` (`participantID`, `color`, `size`, `type`, `received`) VALUES (73, 'green', 'k', 'b', 0);
INSERT INTO `Tshirts` (`participantID`, `color`, `size`, `type`, `received`) VALUES (74, 'silver', 'z', 'b', 1);
INSERT INTO `Tshirts` (`participantID`, `color`, `size`, `type`, `received`) VALUES (75, 'purple', 'x', 'a', 1);
INSERT INTO `Tshirts` (`participantID`, `color`, `size`, `type`, `received`) VALUES (76, 'silver', 'c', 'b', 1);
INSERT INTO `Tshirts` (`participantID`, `color`, `size`, `type`, `received`) VALUES (77, 'white', 'm', 'c', 0);
INSERT INTO `Tshirts` (`participantID`, `color`, `size`, `type`, `received`) VALUES (78, 'maroon', 'm', 'c', 0);
INSERT INTO `Tshirts` (`participantID`, `color`, `size`, `type`, `received`) VALUES (79, 'aqua', 'j', 'a', 0);
INSERT INTO `Tshirts` (`participantID`, `color`, `size`, `type`, `received`) VALUES (80, 'white', 'y', 'a', 0);
INSERT INTO `Tshirts` (`participantID`, `color`, `size`, `type`, `received`) VALUES (81, 'gray', 'e', 'b', 1);
INSERT INTO `Tshirts` (`participantID`, `color`, `size`, `type`, `received`) VALUES (82, 'fuchsia', 'v', 'a', 1);
INSERT INTO `Tshirts` (`participantID`, `color`, `size`, `type`, `received`) VALUES (83, 'blue', 'n', 'a', 1);
INSERT INTO `Tshirts` (`participantID`, `color`, `size`, `type`, `received`) VALUES (84, 'purple', 'b', 'a', 1);
INSERT INTO `Tshirts` (`participantID`, `color`, `size`, `type`, `received`) VALUES (85, 'aqua', 'f', 'b', 0);
INSERT INTO `Tshirts` (`participantID`, `color`, `size`, `type`, `received`) VALUES (86, 'olive', 'm', 'b', 0);
INSERT INTO `Tshirts` (`participantID`, `color`, `size`, `type`, `received`) VALUES (87, 'lime', 'g', 'c', 0);
INSERT INTO `Tshirts` (`participantID`, `color`, `size`, `type`, `received`) VALUES (88, 'white', 'n', 'b', 0);
INSERT INTO `Tshirts` (`participantID`, `color`, `size`, `type`, `received`) VALUES (89, 'aqua', 's', 'c', 1);
INSERT INTO `Tshirts` (`participantID`, `color`, `size`, `type`, `received`) VALUES (90, 'gray', 'q', 'a', 0);
INSERT INTO `Tshirts` (`participantID`, `color`, `size`, `type`, `received`) VALUES (91, 'aqua', 'f', 'b', 1);
INSERT INTO `Tshirts` (`participantID`, `color`, `size`, `type`, `received`) VALUES (92, 'blue', 'j', 'a', 1);
INSERT INTO `Tshirts` (`participantID`, `color`, `size`, `type`, `received`) VALUES (93, 'olive', 'f', 'b', 0);
INSERT INTO `Tshirts` (`participantID`, `color`, `size`, `type`, `received`) VALUES (94, 'teal', 'b', 'c', 1);
INSERT INTO `Tshirts` (`participantID`, `color`, `size`, `type`, `received`) VALUES (95, 'black', 'o', 'a', 1);
INSERT INTO `Tshirts` (`participantID`, `color`, `size`, `type`, `received`) VALUES (96, 'white', 'z', 'b', 1);
INSERT INTO `Tshirts` (`participantID`, `color`, `size`, `type`, `received`) VALUES (97, 'teal', 'm', 'c', 1);
INSERT INTO `Tshirts` (`participantID`, `color`, `size`, `type`, `received`) VALUES (98, 'gray', 'i', 'c', 1);
INSERT INTO `Tshirts` (`participantID`, `color`, `size`, `type`, `received`) VALUES (99, 'aqua', 'o', 'c', 0);
INSERT INTO `Tshirts` (`participantID`, `color`, `size`, `type`, `received`) VALUES (100, 'purple', 'a', 'c', 1);
INSERT INTO `Visits` (`visitID`, `arrivalDate`, `leavingDate`, `participantID`, `roomID`) VALUES (1, '2020-02-13', '2020-02-25', 51, 8);
INSERT INTO `Visits` (`visitID`, `arrivalDate`, `leavingDate`, `participantID`, `roomID`) VALUES (2, '2020-02-16', '2020-02-23', 87, 5);
INSERT INTO `Visits` (`visitID`, `arrivalDate`, `leavingDate`, `participantID`, `roomID`) VALUES (3, '2020-02-14', '2020-02-26', 79, 8);
INSERT INTO `Visits` (`visitID`, `arrivalDate`, `leavingDate`, `participantID`, `roomID`) VALUES (4, '2020-02-14', '2020-02-24', 17, 8);
INSERT INTO `Visits` (`visitID`, `arrivalDate`, `leavingDate`, `participantID`, `roomID`) VALUES (5, '2020-02-16', '2020-02-23', 10, 9);
INSERT INTO `Visits` (`visitID`, `arrivalDate`, `leavingDate`, `participantID`, `roomID`) VALUES (6, '2020-02-17', '2020-02-24', 59, 7);
INSERT INTO `Visits` (`visitID`, `arrivalDate`, `leavingDate`, `participantID`, `roomID`) VALUES (7, '2020-02-17', '2020-02-23', 2, 2);
INSERT INTO `Visits` (`visitID`, `arrivalDate`, `leavingDate`, `participantID`, `roomID`) VALUES (8, '2020-02-13', '2020-02-22', 52, 5);
INSERT INTO `Visits` (`visitID`, `arrivalDate`, `leavingDate`, `participantID`, `roomID`) VALUES (9, '2020-02-16', '2020-02-22', 94, 4);
INSERT INTO `Visits` (`visitID`, `arrivalDate`, `leavingDate`, `participantID`, `roomID`) VALUES (10, '2020-02-13', '2020-02-24', 9, 1);
INSERT INTO `Visits` (`visitID`, `arrivalDate`, `leavingDate`, `participantID`, `roomID`) VALUES (11, '2020-02-13', '2020-02-23', 57, 12);
INSERT INTO `Visits` (`visitID`, `arrivalDate`, `leavingDate`, `participantID`, `roomID`) VALUES (12, '2020-02-13', '2020-02-23', 38, 2);
INSERT INTO `Visits` (`visitID`, `arrivalDate`, `leavingDate`, `participantID`, `roomID`) VALUES (13, '2020-02-12', '2020-02-23', 16, 1);
INSERT INTO `Visits` (`visitID`, `arrivalDate`, `leavingDate`, `participantID`, `roomID`) VALUES (14, '2020-02-16', '2020-02-25', 70, 10);
INSERT INTO `Visits` (`visitID`, `arrivalDate`, `leavingDate`, `participantID`, `roomID`) VALUES (15, '2020-02-14', '2020-02-23', 7, 7);
INSERT INTO `Visits` (`visitID`, `arrivalDate`, `leavingDate`, `participantID`, `roomID`) VALUES (16, '2020-02-15', '2020-02-26', 84, 7);
INSERT INTO `Visits` (`visitID`, `arrivalDate`, `leavingDate`, `participantID`, `roomID`) VALUES (17, '2020-02-13', '2020-02-23', 17, 9);
INSERT INTO `Visits` (`visitID`, `arrivalDate`, `leavingDate`, `participantID`, `roomID`) VALUES (18, '2020-02-12', '2020-02-26', 97, 12);
INSERT INTO `Visits` (`visitID`, `arrivalDate`, `leavingDate`, `participantID`, `roomID`) VALUES (19, '2020-02-16', '2020-02-27', 35, 2);
INSERT INTO `Visits` (`visitID`, `arrivalDate`, `leavingDate`, `participantID`, `roomID`) VALUES (20, '2020-02-16', '2020-02-26', 61, 6);
INSERT INTO `Visits` (`visitID`, `arrivalDate`, `leavingDate`, `participantID`, `roomID`) VALUES (21, '2020-02-12', '2020-02-22', 83, 3);
INSERT INTO `Visits` (`visitID`, `arrivalDate`, `leavingDate`, `participantID`, `roomID`) VALUES (22, '2020-02-16', '2020-02-24', 1, 11);
INSERT INTO `Visits` (`visitID`, `arrivalDate`, `leavingDate`, `participantID`, `roomID`) VALUES (23, '2020-02-13', '2020-02-23', 31, 7);
INSERT INTO `Visits` (`visitID`, `arrivalDate`, `leavingDate`, `participantID`, `roomID`) VALUES (24, '2020-02-14', '2020-02-23', 20, 3);
INSERT INTO `Visits` (`visitID`, `arrivalDate`, `leavingDate`, `participantID`, `roomID`) VALUES (25, '2020-02-13', '2020-02-23', 79, 4);
INSERT INTO `Visits` (`visitID`, `arrivalDate`, `leavingDate`, `participantID`, `roomID`) VALUES (26, '2020-02-13', '2020-02-23', 31, 5);
INSERT INTO `Visits` (`visitID`, `arrivalDate`, `leavingDate`, `participantID`, `roomID`) VALUES (27, '2020-02-13', '2020-02-25', 27, 9);
INSERT INTO `Visits` (`visitID`, `arrivalDate`, `leavingDate`, `participantID`, `roomID`) VALUES (28, '2020-02-13', '2020-02-25', 52, 5);
INSERT INTO `Visits` (`visitID`, `arrivalDate`, `leavingDate`, `participantID`, `roomID`) VALUES (29, '2020-02-17', '2020-02-26', 68, 3);
INSERT INTO `Visits` (`visitID`, `arrivalDate`, `leavingDate`, `participantID`, `roomID`) VALUES (30, '2020-02-14', '2020-02-25', 20, 9);
INSERT INTO `Visits` (`visitID`, `arrivalDate`, `leavingDate`, `participantID`, `roomID`) VALUES (31, '2020-02-17', '2020-02-23', 73, 1);
INSERT INTO `Visits` (`visitID`, `arrivalDate`, `leavingDate`, `participantID`, `roomID`) VALUES (32, '2020-02-14', '2020-02-23', 32, 11);
INSERT INTO `Visits` (`visitID`, `arrivalDate`, `leavingDate`, `participantID`, `roomID`) VALUES (33, '2020-02-14', '2020-02-24', 73, 4);
INSERT INTO `Visits` (`visitID`, `arrivalDate`, `leavingDate`, `participantID`, `roomID`) VALUES (34, '2020-02-15', '2020-02-27', 84, 1);
INSERT INTO `Visits` (`visitID`, `arrivalDate`, `leavingDate`, `participantID`, `roomID`) VALUES (35, '2020-02-14', '2020-02-23', 40, 6);
INSERT INTO `Visits` (`visitID`, `arrivalDate`, `leavingDate`, `participantID`, `roomID`) VALUES (36, '2020-02-13', '2020-02-22', 52, 3);
INSERT INTO `Visits` (`visitID`, `arrivalDate`, `leavingDate`, `participantID`, `roomID`) VALUES (37, '2020-02-15', '2020-02-24', 62, 7);
INSERT INTO `Visits` (`visitID`, `arrivalDate`, `leavingDate`, `participantID`, `roomID`) VALUES (38, '2020-02-17', '2020-02-26', 7, 11);
INSERT INTO `Visits` (`visitID`, `arrivalDate`, `leavingDate`, `participantID`, `roomID`) VALUES (39, '2020-02-16', '2020-02-22', 6, 4);
INSERT INTO `Visits` (`visitID`, `arrivalDate`, `leavingDate`, `participantID`, `roomID`) VALUES (40, '2020-02-12', '2020-02-22', 16, 11);
INSERT INTO `Visits` (`visitID`, `arrivalDate`, `leavingDate`, `participantID`, `roomID`) VALUES (41, '2020-02-16', '2020-02-26', 54, 6);
INSERT INTO `Visits` (`visitID`, `arrivalDate`, `leavingDate`, `participantID`, `roomID`) VALUES (42, '2020-02-12', '2020-02-27', 20, 10);
INSERT INTO `Visits` (`visitID`, `arrivalDate`, `leavingDate`, `participantID`, `roomID`) VALUES (43, '2020-02-17', '2020-02-27', 14, 9);
INSERT INTO `Visits` (`visitID`, `arrivalDate`, `leavingDate`, `participantID`, `roomID`) VALUES (44, '2020-02-17', '2020-02-25', 22, 10);
INSERT INTO `Visits` (`visitID`, `arrivalDate`, `leavingDate`, `participantID`, `roomID`) VALUES (45, '2020-02-16', '2020-02-23', 93, 5);
INSERT INTO `Visits` (`visitID`, `arrivalDate`, `leavingDate`, `participantID`, `roomID`) VALUES (46, '2020-02-16', '2020-02-24', 56, 8);
INSERT INTO `Visits` (`visitID`, `arrivalDate`, `leavingDate`, `participantID`, `roomID`) VALUES (47, '2020-02-13', '2020-02-22', 43, 11);
INSERT INTO `Visits` (`visitID`, `arrivalDate`, `leavingDate`, `participantID`, `roomID`) VALUES (48, '2020-02-15', '2020-02-23', 54, 2);
INSERT INTO `Visits` (`visitID`, `arrivalDate`, `leavingDate`, `participantID`, `roomID`) VALUES (49, '2020-02-17', '2020-02-24', 14, 5);
INSERT INTO `Visits` (`visitID`, `arrivalDate`, `leavingDate`, `participantID`, `roomID`) VALUES (50, '2020-02-12', '2020-02-23', 22, 7);
INSERT INTO `Visits` (`visitID`, `arrivalDate`, `leavingDate`, `participantID`, `roomID`) VALUES (51, '2020-02-13', '2020-02-23', 81, 9);
INSERT INTO `Visits` (`visitID`, `arrivalDate`, `leavingDate`, `participantID`, `roomID`) VALUES (52, '2020-02-16', '2020-02-23', 77, 5);
INSERT INTO `Visits` (`visitID`, `arrivalDate`, `leavingDate`, `participantID`, `roomID`) VALUES (53, '2020-02-13', '2020-02-23', 27, 10);
INSERT INTO `Visits` (`visitID`, `arrivalDate`, `leavingDate`, `participantID`, `roomID`) VALUES (54, '2020-02-16', '2020-02-23', 33, 4);
INSERT INTO `Visits` (`visitID`, `arrivalDate`, `leavingDate`, `participantID`, `roomID`) VALUES (55, '2020-02-16', '2020-02-26', 8, 6);
INSERT INTO `Visits` (`visitID`, `arrivalDate`, `leavingDate`, `participantID`, `roomID`) VALUES (56, '2020-02-12', '2020-02-23', 16, 8);
INSERT INTO `Visits` (`visitID`, `arrivalDate`, `leavingDate`, `participantID`, `roomID`) VALUES (57, '2020-02-16', '2020-02-26', 94, 5);
INSERT INTO `Visits` (`visitID`, `arrivalDate`, `leavingDate`, `participantID`, `roomID`) VALUES (58, '2020-02-15', '2020-02-26', 42, 1);
INSERT INTO `Visits` (`visitID`, `arrivalDate`, `leavingDate`, `participantID`, `roomID`) VALUES (59, '2020-02-14', '2020-02-23', 6, 8);
INSERT INTO `Visits` (`visitID`, `arrivalDate`, `leavingDate`, `participantID`, `roomID`) VALUES (60, '2020-02-17', '2020-02-26', 88, 12);
INSERT INTO `Visits` (`visitID`, `arrivalDate`, `leavingDate`, `participantID`, `roomID`) VALUES (61, '2020-02-16', '2020-02-24', 3, 6);
INSERT INTO `Visits` (`visitID`, `arrivalDate`, `leavingDate`, `participantID`, `roomID`) VALUES (62, '2020-02-17', '2020-02-27', 63, 6);
INSERT INTO `Visits` (`visitID`, `arrivalDate`, `leavingDate`, `participantID`, `roomID`) VALUES (63, '2020-02-16', '2020-02-27', 29, 2);
INSERT INTO `Visits` (`visitID`, `arrivalDate`, `leavingDate`, `participantID`, `roomID`) VALUES (64, '2020-02-16', '2020-02-24', 61, 6);
INSERT INTO `Visits` (`visitID`, `arrivalDate`, `leavingDate`, `participantID`, `roomID`) VALUES (65, '2020-02-13', '2020-02-22', 54, 10);
INSERT INTO `Visits` (`visitID`, `arrivalDate`, `leavingDate`, `participantID`, `roomID`) VALUES (66, '2020-02-16', '2020-02-26', 97, 5);
INSERT INTO `Visits` (`visitID`, `arrivalDate`, `leavingDate`, `participantID`, `roomID`) VALUES (67, '2020-02-16', '2020-02-26', 56, 9);
INSERT INTO `Visits` (`visitID`, `arrivalDate`, `leavingDate`, `participantID`, `roomID`) VALUES (68, '2020-02-14', '2020-02-26', 75, 10);
INSERT INTO `Visits` (`visitID`, `arrivalDate`, `leavingDate`, `participantID`, `roomID`) VALUES (69, '2020-02-17', '2020-02-24', 55, 1);
INSERT INTO `Visits` (`visitID`, `arrivalDate`, `leavingDate`, `participantID`, `roomID`) VALUES (70, '2020-02-13', '2020-02-24', 13, 8);
INSERT INTO `Visits` (`visitID`, `arrivalDate`, `leavingDate`, `participantID`, `roomID`) VALUES (71, '2020-02-14', '2020-02-24', 56, 4);
INSERT INTO `Visits` (`visitID`, `arrivalDate`, `leavingDate`, `participantID`, `roomID`) VALUES (72, '2020-02-15', '2020-02-26', 24, 6);
INSERT INTO `Visits` (`visitID`, `arrivalDate`, `leavingDate`, `participantID`, `roomID`) VALUES (73, '2020-02-16', '2020-02-24', 63, 8);
INSERT INTO `Visits` (`visitID`, `arrivalDate`, `leavingDate`, `participantID`, `roomID`) VALUES (74, '2020-02-14', '2020-02-25', 55, 9);
INSERT INTO `Visits` (`visitID`, `arrivalDate`, `leavingDate`, `participantID`, `roomID`) VALUES (75, '2020-02-17', '2020-02-25', 28, 6);
INSERT INTO `Visits` (`visitID`, `arrivalDate`, `leavingDate`, `participantID`, `roomID`) VALUES (76, '2020-02-14', '2020-02-24', 67, 4);
INSERT INTO `Visits` (`visitID`, `arrivalDate`, `leavingDate`, `participantID`, `roomID`) VALUES (77, '2020-02-14', '2020-02-27', 85, 4);
INSERT INTO `Visits` (`visitID`, `arrivalDate`, `leavingDate`, `participantID`, `roomID`) VALUES (78, '2020-02-16', '2020-02-25', 77, 2);
INSERT INTO `Visits` (`visitID`, `arrivalDate`, `leavingDate`, `participantID`, `roomID`) VALUES (79, '2020-02-17', '2020-02-23', 46, 5);
INSERT INTO `Visits` (`visitID`, `arrivalDate`, `leavingDate`, `participantID`, `roomID`) VALUES (80, '2020-02-16', '2020-02-23', 56, 12);
INSERT INTO `Visits` (`visitID`, `arrivalDate`, `leavingDate`, `participantID`, `roomID`) VALUES (81, '2020-02-17', '2020-02-24', 19, 7);
INSERT INTO `Visits` (`visitID`, `arrivalDate`, `leavingDate`, `participantID`, `roomID`) VALUES (82, '2020-02-14', '2020-02-24', 33, 9);
INSERT INTO `Visits` (`visitID`, `arrivalDate`, `leavingDate`, `participantID`, `roomID`) VALUES (83, '2020-02-15', '2020-02-22', 25, 1);
INSERT INTO `Visits` (`visitID`, `arrivalDate`, `leavingDate`, `participantID`, `roomID`) VALUES (84, '2020-02-15', '2020-02-26', 57, 10);
INSERT INTO `Visits` (`visitID`, `arrivalDate`, `leavingDate`, `participantID`, `roomID`) VALUES (85, '2020-02-17', '2020-02-23', 15, 9);
INSERT INTO `Visits` (`visitID`, `arrivalDate`, `leavingDate`, `participantID`, `roomID`) VALUES (86, '2020-02-14', '2020-02-26', 42, 9);
INSERT INTO `Visits` (`visitID`, `arrivalDate`, `leavingDate`, `participantID`, `roomID`) VALUES (87, '2020-02-16', '2020-02-24', 98, 8);
INSERT INTO `Visits` (`visitID`, `arrivalDate`, `leavingDate`, `participantID`, `roomID`) VALUES (88, '2020-02-17', '2020-02-25', 20, 8);
INSERT INTO `Visits` (`visitID`, `arrivalDate`, `leavingDate`, `participantID`, `roomID`) VALUES (89, '2020-02-12', '2020-02-26', 32, 9);
INSERT INTO `Visits` (`visitID`, `arrivalDate`, `leavingDate`, `participantID`, `roomID`) VALUES (90, '2020-02-14', '2020-02-22', 28, 8);
INSERT INTO `Visits` (`visitID`, `arrivalDate`, `leavingDate`, `participantID`, `roomID`) VALUES (91, '2020-02-16', '2020-02-23', 16, 12);
INSERT INTO `Visits` (`visitID`, `arrivalDate`, `leavingDate`, `participantID`, `roomID`) VALUES (92, '2020-02-14', '2020-02-26', 90, 1);
INSERT INTO `Visits` (`visitID`, `arrivalDate`, `leavingDate`, `participantID`, `roomID`) VALUES (93, '2020-02-12', '2020-02-23', 24, 8);
INSERT INTO `Visits` (`visitID`, `arrivalDate`, `leavingDate`, `participantID`, `roomID`) VALUES (94, '2020-02-15', '2020-02-27', 14, 9);
INSERT INTO `Visits` (`visitID`, `arrivalDate`, `leavingDate`, `participantID`, `roomID`) VALUES (95, '2020-02-15', '2020-02-26', 2, 9);
INSERT INTO `Visits` (`visitID`, `arrivalDate`, `leavingDate`, `participantID`, `roomID`) VALUES (96, '2020-02-14', '2020-02-26', 68, 3);
INSERT INTO `Visits` (`visitID`, `arrivalDate`, `leavingDate`, `participantID`, `roomID`) VALUES (97, '2020-02-16', '2020-02-25', 21, 12);
INSERT INTO `Visits` (`visitID`, `arrivalDate`, `leavingDate`, `participantID`, `roomID`) VALUES (98, '2020-02-12', '2020-02-24', 95, 6);
INSERT INTO `Visits` (`visitID`, `arrivalDate`, `leavingDate`, `participantID`, `roomID`) VALUES (99, '2020-02-15', '2020-02-24', 7, 7);
INSERT INTO `Visits` (`visitID`, `arrivalDate`, `leavingDate`, `participantID`, `roomID`) VALUES (100, '2020-02-17', '2020-02-26', 25, 3);

